"","Species","Quad","Year","totPsize","Gcov","year","NRquad"
"1","Andropogon gerardii","e1q1-1",70,135.523761221339,2754.85662283815,71,1
"2","Andropogon gerardii","e1q1-1",71,54.8225661027744,2376.48311464656,72,0
"3","Andropogon gerardii","e1q1-1",72,33.1490458394304,2584.06887987645,73,0
"4","Andropogon gerardii","e1q1-2",70,203.500041579801,2754.85662283815,71,2
"5","Andropogon gerardii","e1q1-2",71,1257.09795546528,2376.48311464656,72,0
"6","Andropogon gerardii","e1q1-2",72,131.488430993354,2584.06887987645,73,0
"7","Andropogon gerardii","e1q1-3",50,3.25589914817,658.279814215652,51,1
"8","Andropogon gerardii","e1q1-3",51,11.5590525359135,661.814352446229,52,0
"9","Andropogon gerardii","e1q1-3",63,37.2790375035542,1656.66813362235,64,1
"10","Andropogon gerardii","e1q1-3",65,27.4725307725932,1949.55465850107,66,1
"11","Andropogon gerardii","e1q1-3",66,156.689026516421,1134.34778524578,67,0
"12","Andropogon gerardii","e1q1-3",67,243.848556703804,1252.55253661635,68,0
"13","Andropogon gerardii","e1q1-3",68,1634.10502187741,1952.0880145244,69,1
"14","Andropogon gerardii","e1q1-3",69,2786.88248152902,3551.83944513544,70,1
"15","Andropogon gerardii","e1q1-3",70,736.969018564513,2754.85662283815,71,0
"16","Andropogon gerardii","e1q1-3",71,451.562806928788,2376.48311464656,72,0
"17","Andropogon gerardii","e1q1-3",72,1307.57562259098,2584.06887987645,73,2
"18","Andropogon gerardii","e1q1a-1",53,30.6659265934861,1029.98070405611,54,2
"19","Andropogon gerardii","e1q1a-1",65,47.6935425249026,1949.55465850107,66,1
"20","Andropogon gerardii","e1q1a-1",67,126.349124812428,1252.55253661635,68,0
"21","Andropogon gerardii","e1q1a-2",61,8.25112233155603,1862.53652151573,62,1
"22","Andropogon gerardii","e1q1a-2",63,123.16303028306,1656.66813362235,64,0
"23","Andropogon gerardii","e1q1a-2",64,168.07073302401,1934.06980209585,65,0
"24","Andropogon gerardii","e1q1a-2",65,291.771777561555,1949.55465850107,66,0
"25","Andropogon gerardii","e1q1a-2",66,266.803617441675,1134.34778524578,67,2
"26","Andropogon gerardii","e1q1a-2",67,658.349442323129,1252.55253661635,68,0
"27","Andropogon gerardii","e1q1a-2",68,329.483188989274,1952.0880145244,69,1
"28","Andropogon gerardii","e1q1a-2",69,1512.50187987467,3551.83944513544,70,2
"29","Andropogon gerardii","e1q1a-2",70,1963.83439782672,2754.85662283815,71,1
"30","Andropogon gerardii","e1q1a-2",71,780.800894862288,2376.48311464656,72,1
"31","Andropogon gerardii","e1q1a-2",72,2340.36460095461,2584.06887987645,73,3
"32","Andropogon gerardii","e1q1a-3",63,68.9444832134749,1656.66813362235,64,1
"33","Andropogon gerardii","e1q1a-3",64,110.686894257242,1934.06980209585,65,0
"34","Andropogon gerardii","e1q1a-3",65,97.3484605712745,1949.55465850107,66,0
"35","Andropogon gerardii","e1q1a-3",66,0.714504410849004,1134.34778524578,67,1
"36","Andropogon gerardii","e1q1a-3",67,379.447978085597,1252.55253661635,68,0
"37","Andropogon gerardii","e1q1a-3",68,355.289574651147,1952.0880145244,69,0
"38","Andropogon gerardii","e1q1a-3",69,992.404515246675,3551.83944513544,70,2
"39","Andropogon gerardii","e1q1a-3",70,375.103824514518,2754.85662283815,71,1
"40","Andropogon gerardii","e1q1a-3",71,809.15017947175,2376.48311464656,72,0
"41","Andropogon gerardii","e1q1a-3",72,1294.90292531177,2584.06887987645,73,0
"42","Andropogon gerardii","e1q2-1",50,2.9562706223215,658.279814215652,51,1
"43","Andropogon gerardii","e1q2-1",51,25.831472286624,661.814352446229,52,0
"44","Andropogon gerardii","e1q2-1",52,69.614320968611,1175.24990099248,53,1
"45","Andropogon gerardii","e1q2-1",53,22.820557557827,1029.98070405611,54,0
"46","Andropogon gerardii","e1q2-1",54,19.135967552832,1155.83788734552,55,0
"47","Andropogon gerardii","e1q2-1",55,19.3235992496355,1385.90345949765,56,1
"48","Andropogon gerardii","e1q2-1",69,49.5667880728299,3551.83944513544,70,2
"49","Andropogon gerardii","e1q2-1",70,114.778320254961,2754.85662283815,71,2
"50","Andropogon gerardii","e1q2-1",71,510.390521423152,2376.48311464656,72,2
"51","Andropogon gerardii","e1q2-1",72,318.911642122632,2584.06887987645,73,0
"52","Andropogon gerardii","e1q2-2",71,114.088284412459,2376.48311464656,72,3
"53","Andropogon gerardii","e1q2-2",72,156.924995365688,2584.06887987645,73,4
"54","Andropogon gerardii","e1q2-3",69,347.119042555391,3551.83944513544,70,2
"55","Andropogon gerardii","e1q2-3",70,106.62821425501,2754.85662283815,71,1
"56","Andropogon gerardii","e1q2-3",71,472.053148690083,2376.48311464656,72,0
"57","Andropogon gerardii","e1q2-3",72,326.453230730471,2584.06887987645,73,6
"58","Andropogon gerardii","e1q2-4",60,4.2080564456174,1145.48768039698,61,1
"59","Andropogon gerardii","e1q2-4",61,28.2301291899887,1862.53652151573,62,1
"60","Andropogon gerardii","e1q2-4",62,106.732206776777,1139.85174926148,63,9
"61","Andropogon gerardii","e1q2-4",63,555.106389211531,1656.66813362235,64,0
"62","Andropogon gerardii","e1q2-4",64,1343.23624624922,1934.06980209585,65,0
"63","Andropogon gerardii","e1q2-4",65,182.581907671817,1949.55465850107,66,2
"64","Andropogon gerardii","e1q2-4",66,440.058760900883,1134.34778524578,67,3
"65","Andropogon gerardii","e1q2-4",67,765.160547556602,1252.55253661635,68,3
"66","Andropogon gerardii","e1q2-4",68,1504.46801818489,1952.0880145244,69,0
"67","Andropogon gerardii","e1q2-4",69,2708.63695289065,3551.83944513544,70,2
"68","Andropogon gerardii","e1q2-4",70,2232.81676882782,2754.85662283815,71,0
"69","Andropogon gerardii","e1q2-4",71,2145.27861089332,2376.48311464656,72,0
"70","Andropogon gerardii","e1q2-4",72,510.692555321973,2584.06887987645,73,3
"71","Andropogon gerardii","e1q2-5",68,0.728377328814502,1952.0880145244,69,1
"72","Andropogon gerardii","e1q2-5",69,512.104808578813,3551.83944513544,70,1
"73","Andropogon gerardii","e1q2-5",70,111.80401579328,2754.85662283815,71,2
"74","Andropogon gerardii","e1q2-5",71,29.9475699029165,2376.48311464656,72,0
"75","Andropogon gerardii","e1q2-5",72,120.015089675814,2584.06887987645,73,4
"76","Andropogon gerardii","e1q2-6",66,18.57391518608,1134.34778524578,67,1
"77","Andropogon gerardii","e1q2-6",67,68.9674976000059,1252.55253661635,68,0
"78","Andropogon gerardii","e1q2-6",68,182.273886784735,1952.0880145244,69,0
"79","Andropogon gerardii","e1q2-6",69,215.099964411971,3551.83944513544,70,3
"80","Andropogon gerardii","e1q2-6",70,733.294289498299,2754.85662283815,71,0
"81","Andropogon gerardii","e1q2-6",71,701.079530836373,2376.48311464656,72,2
"82","Andropogon gerardii","e1q2-6",72,477.943824970606,2584.06887987645,73,0
"83","Andropogon gerardii","e1q2-7",52,6.39422671542447,1175.24990099248,53,1
"84","Andropogon gerardii","e1q2-8",52,26.3008037742155,1175.24990099248,53,1
"85","Andropogon gerardii","e1q2-8",53,112.528563923824,1029.98070405611,54,1
"86","Andropogon gerardii","e1q2-8",54,78.3415713491321,1155.83788734552,55,0
"87","Andropogon gerardii","e1q2-8",55,60.6367070670869,1385.90345949765,56,1
"88","Andropogon gerardii","e1q2-8",56,60.8309855794425,912.137682962638,57,2
"89","Andropogon gerardii","e1q2-8",57,26.4175588624531,1324.75394627333,58,1
"90","Andropogon gerardii","e1q2-8",58,145.407403069632,1092.69513085575,59,0
"91","Andropogon gerardii","e1q2-8",59,597.25507059148,1446.16071316373,60,2
"92","Andropogon gerardii","e1q2-8",60,799.329988345789,1145.48768039698,61,1
"93","Andropogon gerardii","e1q2-8",61,1029.57899940093,1862.53652151573,62,0
"94","Andropogon gerardii","e1q2-8",62,1304.93042358152,1139.85174926148,63,3
"95","Andropogon gerardii","e1q2-8",63,1561.38517259588,1656.66813362235,64,1
"96","Andropogon gerardii","e1q2-8",64,3478.50000992195,1934.06980209585,65,1
"97","Andropogon gerardii","e1q2-8",65,4212.42248447883,1949.55465850107,66,3
"98","Andropogon gerardii","e1q2-8",66,3364.77084121572,1134.34778524578,67,0
"99","Andropogon gerardii","e1q2-8",67,2223.55756751357,1252.55253661635,68,0
"100","Andropogon gerardii","e1q2-8",68,5177.19507233506,1952.0880145244,69,0
"101","Andropogon gerardii","e1q2-8",69,6985.17264685344,3551.83944513544,70,0
"102","Andropogon gerardii","e1q2-8",70,5117.19775610726,2754.85662283815,71,1
"103","Andropogon gerardii","e1q2-8",71,6079.39782702893,2376.48311464656,72,0
"104","Andropogon gerardii","e1q2-8",72,6790.4823187142,2584.06887987645,73,0
"105","Andropogon gerardii","e1q3-1",51,15.6992822669466,661.814352446229,52,2
"106","Andropogon gerardii","e1q3-1",60,5.52359339869642,1145.48768039698,61,1
"107","Andropogon gerardii","e1q3-1",61,85.8997985111064,1862.53652151573,62,2
"108","Andropogon gerardii","e1q3-1",62,34.6284509889328,1139.85174926148,63,1
"109","Andropogon gerardii","e1q3-1",63,175.976868749716,1656.66813362235,64,0
"110","Andropogon gerardii","e1q3-1",64,997.45617490549,1934.06980209585,65,1
"111","Andropogon gerardii","e1q3-1",65,1168.11393950293,1949.55465850107,66,0
"112","Andropogon gerardii","e1q3-1",66,924.000372468947,1134.34778524578,67,0
"113","Andropogon gerardii","e1q3-1",67,1284.03462416176,1252.55253661635,68,0
"114","Andropogon gerardii","e1q3-1",68,1868.74253797994,1952.0880145244,69,2
"115","Andropogon gerardii","e1q3-1",69,3317.77004169949,3551.83944513544,70,7
"116","Andropogon gerardii","e1q3-1",70,2410.92801338772,2754.85662283815,71,1
"117","Andropogon gerardii","e1q3-1",71,5807.10495422425,2376.48311464656,72,1
"118","Andropogon gerardii","e1q3-1",72,5967.9877946406,2584.06887987645,73,0
"119","Andropogon gerardii","e1q3-2",66,42.2343054180448,1134.34778524578,67,2
"120","Andropogon gerardii","e1q3-2",67,159.61488244339,1252.55253661635,68,0
"121","Andropogon gerardii","e1q3-2",68,204.867595620705,1952.0880145244,69,0
"122","Andropogon gerardii","e1q3-2",69,1827.09645584683,3551.83944513544,70,3
"123","Andropogon gerardii","e1q3-2",71,1298.00750419028,2376.48311464656,72,0
"124","Andropogon gerardii","e1q3-2",72,1912.83508118911,2584.06887987645,73,5
"125","Andropogon gerardii","e1q3-3",51,12.1737717995405,661.814352446229,52,2
"126","Andropogon gerardii","e1q3-3",52,38.70724438605,1175.24990099248,53,1
"127","Andropogon gerardii","e1q3-3",57,28.0793023786975,1324.75394627333,58,1
"128","Andropogon gerardii","e1q3-3",58,55.5391196590734,1092.69513085575,59,1
"129","Andropogon gerardii","e1q3-3",59,85.4159381033161,1446.16071316373,60,0
"130","Andropogon gerardii","e1q3-3",60,159.88137363449,1145.48768039698,61,0
"131","Andropogon gerardii","e1q3-3",61,333.259825201031,1862.53652151573,62,1
"132","Andropogon gerardii","e1q3-3",62,458.017052257913,1139.85174926148,63,0
"133","Andropogon gerardii","e1q3-3",63,1173.10785124419,1656.66813362235,64,0
"134","Andropogon gerardii","e1q3-3",64,1119.60572560728,1934.06980209585,65,1
"135","Andropogon gerardii","e1q3-3",65,1543.43825280488,1949.55465850107,66,0
"136","Andropogon gerardii","e1q3-3",66,886.671331546247,1134.34778524578,67,1
"137","Andropogon gerardii","e1q3-3",67,1231.51417226226,1252.55253661635,68,0
"138","Andropogon gerardii","e1q3-3",68,996.824236234604,1952.0880145244,69,1
"139","Andropogon gerardii","e1q3-3",69,2127.44217259727,3551.83944513544,70,0
"140","Andropogon gerardii","e1q3-3",70,2695.28593150219,2754.85662283815,71,0
"141","Andropogon gerardii","e1q3-3",71,1841.34342551737,2376.48311464656,72,2
"142","Andropogon gerardii","e1q3-3",72,2594.4650115119,2584.06887987645,73,2
"143","Andropogon gerardii","e1q3a-1",51,5.33435461612453,661.814352446229,52,1
"144","Andropogon gerardii","e1q3a-1",52,30.7890584598245,1175.24990099248,53,1
"145","Andropogon gerardii","e1q3a-1",60,6.42190006152742,1145.48768039698,61,1
"146","Andropogon gerardii","e1q3a-1",61,13.0000001530001,1862.53652151573,62,0
"147","Andropogon gerardii","e1q3a-1",62,1.50152116452909,1139.85174926148,63,0
"148","Andropogon gerardii","e1q3a-1",63,54.594002811384,1656.66813362235,64,2
"149","Andropogon gerardii","e1q3a-1",64,264.857500276898,1934.06980209585,65,0
"150","Andropogon gerardii","e1q3a-1",65,171.850000044998,1949.55465850107,66,0
"151","Andropogon gerardii","e1q3a-1",66,363.615000924848,1134.34778524578,67,0
"152","Andropogon gerardii","e1q3a-1",67,591.679997395898,1252.55253661635,68,0
"153","Andropogon gerardii","e1q3a-1",68,806.172494944001,1952.0880145244,69,0
"154","Andropogon gerardii","e1q3a-1",70,1158.48499737135,2754.85662283815,71,0
"155","Andropogon gerardii","e1q3a-1",71,1086.17500232522,2376.48311464656,72,0
"156","Andropogon gerardii","e1q3a-1",72,604.482498795514,2584.06887987645,73,2
"157","Andropogon gerardii","e1q3a-2",33,2766.28463798195,1309.27908893778,34,0
"158","Andropogon gerardii","e1q3a-2",34,439.132641537036,1184.88615859297,35,0
"159","Andropogon gerardii","e1q3a-2",35,538.002840040926,636.134598884746,36,3
"160","Andropogon gerardii","e1q3a-2",37,243.231092302622,345.109696013046,38,0
"161","Andropogon gerardii","e1q3a-2",38,44.6655044230241,263.194919015649,39,0
"162","Andropogon gerardii","e1q3a-2",39,127.058236043325,228.165740973823,40,0
"163","Andropogon gerardii","e1q3a-2",44,54.9679973576252,480.756769263411,45,1
"164","Andropogon gerardii","e1q3a-2",45,14.4276375639631,1057.97651954823,46,0
"165","Andropogon gerardii","e1q3a-2",48,612.835991061868,1086.08203405997,49,1
"166","Andropogon gerardii","e1q3a-2",49,66.4354362504712,523.258304622909,50,1
"167","Andropogon gerardii","e1q3a-2",50,149.780654322487,658.279814215652,51,1
"168","Andropogon gerardii","e1q3a-2",51,835.55416770435,661.814352446229,52,4
"169","Andropogon gerardii","e1q3a-2",52,2015.52381558821,1175.24990099248,53,13
"170","Andropogon gerardii","e1q3a-2",53,1020.3229419749,1029.98070405611,54,0
"171","Andropogon gerardii","e1q3a-2",54,939.588178494836,1155.83788734552,55,0
"172","Andropogon gerardii","e1q3a-2",55,848.684997051011,1385.90345949765,56,1
"173","Andropogon gerardii","e1q3a-2",56,474.780012489914,912.137682962638,57,0
"174","Andropogon gerardii","e1q3a-2",57,469.615004737588,1324.75394627333,58,0
"175","Andropogon gerardii","e1q3a-2",58,256.312504884841,1092.69513085575,59,2
"176","Andropogon gerardii","e1q3a-2",59,1284.49527543392,1446.16071316373,60,1
"177","Andropogon gerardii","e1q3a-2",60,1366.48831958849,1145.48768039698,61,0
"178","Andropogon gerardii","e1q3a-2",61,1019.64249727403,1862.53652151573,62,0
"179","Andropogon gerardii","e1q3a-2",62,1645.98250790741,1139.85174926148,63,2
"180","Andropogon gerardii","e1q3a-2",65,429.240773833244,1949.55465850107,66,0
"181","Andropogon gerardii","e1q3a-2",66,28.6256132800821,1134.34778524578,67,2
"182","Andropogon gerardii","e1q3a-2",67,1074.21819214594,1252.55253661635,68,8
"183","Andropogon gerardii","e1q3a-2",68,2874.88228462546,1952.0880145244,69,3
"184","Andropogon gerardii","e1q3a-2",70,661.461814266597,2754.85662283815,71,0
"185","Andropogon gerardii","e1q3a-2",71,99.1038857210708,2376.48311464656,72,0
"186","Andropogon gerardii","e1q3a-2",72,956.211793121002,2584.06887987645,73,7
"187","Andropogon gerardii","e1q4-1",34,55.7919262777643,1184.88615859297,35,4
"188","Andropogon gerardii","e1q4-1",35,90.0217487210285,636.134598884746,36,16
"189","Andropogon gerardii","e1q4-1",37,109.200259827085,345.109696013046,38,1
"190","Andropogon gerardii","e1q4-1",38,90.0931125087376,263.194919015649,39,1
"191","Andropogon gerardii","e1q4-1",47,26.678949036792,1006.63580055355,48,1
"192","Andropogon gerardii","e1q4-1",48,45.099773515702,1086.08203405997,49,0
"193","Andropogon gerardii","e1q4-1",49,41.303062125438,523.258304622909,50,0
"194","Andropogon gerardii","e1q4-1",50,71.8035855225487,658.279814215652,51,3
"195","Andropogon gerardii","e1q4-1",51,20.8977461190945,661.814352446229,52,1
"196","Andropogon gerardii","e1q4-1",52,38.0558398104865,1175.24990099248,53,0
"197","Andropogon gerardii","e1q4-1",53,56.7376781600164,1029.98070405611,54,1
"198","Andropogon gerardii","e1q4-1",54,92.8887911360845,1155.83788734552,55,0
"199","Andropogon gerardii","e1q4-1",55,96.8951799985025,1385.90345949765,56,14
"200","Andropogon gerardii","e1q4-1",56,26.1100212135781,912.137682962638,57,0
"201","Andropogon gerardii","e1q4-1",57,265.877275564213,1324.75394627333,58,2
"202","Andropogon gerardii","e1q4-1",58,138.062214485459,1092.69513085575,59,2
"203","Andropogon gerardii","e1q4-1",59,506.866605113258,1446.16071316373,60,0
"204","Andropogon gerardii","e1q4-1",60,90.7193458955312,1145.48768039698,61,0
"205","Andropogon gerardii","e1q4-1",61,461.323971208818,1862.53652151573,62,3
"206","Andropogon gerardii","e1q4-1",62,457.108446033471,1139.85174926148,63,3
"207","Andropogon gerardii","e1q4-1",63,153.662614613012,1656.66813362235,64,2
"208","Andropogon gerardii","e1q4-1",64,405.525212545636,1934.06980209585,65,6
"209","Andropogon gerardii","e1q4-1",65,950.48786289625,1949.55465850107,66,5
"210","Andropogon gerardii","e1q4-1",66,482.689592572002,1134.34778524578,67,1
"211","Andropogon gerardii","e1q4-1",67,790.291599080839,1252.55253661635,68,0
"212","Andropogon gerardii","e1q4-1",68,950.650341482352,1952.0880145244,69,2
"213","Andropogon gerardii","e1q4-1",70,712.517608141211,2754.85662283815,71,0
"214","Andropogon gerardii","e1q4-1",72,757.98857110573,2584.06887987645,73,0
"215","Andropogon gerardii","e1q4a-1",34,13.2659210196135,1184.88615859297,35,1
"216","Andropogon gerardii","e1q4a-1",58,7.74486408363298,1092.69513085575,59,1
"217","Andropogon gerardii","e1q4a-1",59,58.5298461535496,1446.16071316373,60,0
"218","Andropogon gerardii","e1q4a-1",60,29.6800360231785,1145.48768039698,61,0
"219","Andropogon gerardii","e1q4a-1",61,76.3278829257941,1862.53652151573,62,1
"220","Andropogon gerardii","e1q4a-1",62,144.129064572058,1139.85174926148,63,1
"221","Andropogon gerardii","e1q4a-1",65,189.316560156457,1949.55465850107,66,1
"222","Andropogon gerardii","e1q4a-1",66,7.598729947024,1134.34778524578,67,0
"223","Andropogon gerardii","e1q4a-1",67,40.4619731350394,1252.55253661635,68,0
"224","Andropogon gerardii","e1q4a-1",68,13.1209311994571,1952.0880145244,69,0
"225","Andropogon gerardii","e1q4a-1",72,8.62685901230353,2584.06887987645,73,2
"226","Andropogon gerardii","e1q4a-2",34,26.532514410006,1184.88615859297,35,1
"227","Andropogon gerardii","e1q4a-2",35,21.2383571191665,636.134598884746,36,4
"228","Andropogon gerardii","e1q4a-2",37,12.366086765332,345.109696013046,38,0
"229","Andropogon gerardii","e1q4a-2",38,32.9708278826295,263.194919015649,39,2
"230","Andropogon gerardii","e1q4a-2",40,1.472426167398,48.7197582261651,41,0
"231","Andropogon gerardii","e1q4a-2",65,7.34857179296403,1949.55465850107,66,1
"232","Andropogon gerardii","e1q4a-2",67,7.73967575289451,1252.55253661635,68,0
"233","Andropogon gerardii","e1q4a-2",72,4.86249794997516,2584.06887987645,73,1
"234","Andropogon gerardii","e1q5-1",32,508.962087401945,2994.0994955276,33,0
"235","Andropogon gerardii","e1q5-1",34,67.211955821933,1184.88615859297,35,0
"236","Andropogon gerardii","e1q5-1",35,297.272336052954,636.134598884746,36,30
"237","Andropogon gerardii","e1q5-1",36,500.391560178795,461.901936227077,37,7
"238","Andropogon gerardii","e1q5-1",37,646.450563887341,345.109696013046,38,6
"239","Andropogon gerardii","e1q5-1",38,392.394266869204,263.194919015649,39,0
"240","Andropogon gerardii","e1q5-1",39,154.943565381644,228.165740973823,40,2
"241","Andropogon gerardii","e1q5-1",40,4.57408732249,48.7197582261651,41,1
"242","Andropogon gerardii","e1q5-1",42,291.347421276523,136.530550820607,43,2
"243","Andropogon gerardii","e1q5-1",43,133.923464283033,280.1300979719,44,1
"244","Andropogon gerardii","e1q5-1",44,239.964713747639,480.756769263411,45,1
"245","Andropogon gerardii","e1q5-1",45,167.492568043556,1057.97651954823,46,0
"246","Andropogon gerardii","e1q5-1",46,330.189520412496,1534.11227932557,47,2
"247","Andropogon gerardii","e1q5-1",47,662.191009386407,1006.63580055355,48,0
"248","Andropogon gerardii","e1q5-1",48,460.261192651842,1086.08203405997,49,1
"249","Andropogon gerardii","e1q5-1",49,237.399210594141,523.258304622909,50,8
"250","Andropogon gerardii","e1q5-1",50,320.938937794534,658.279814215652,51,2
"251","Andropogon gerardii","e1q5-1",51,401.600213979744,661.814352446229,52,3
"252","Andropogon gerardii","e1q5-1",52,367.198024107679,1175.24990099248,53,4
"253","Andropogon gerardii","e1q5-1",53,886.578833334,1029.98070405611,54,0
"254","Andropogon gerardii","e1q5-1",54,1284.40906658475,1155.83788734552,55,3
"255","Andropogon gerardii","e1q5-1",55,1871.56406304779,1385.90345949765,56,1
"256","Andropogon gerardii","e1q5-1",56,938.79071709146,912.137682962638,57,1
"257","Andropogon gerardii","e1q5-1",57,1582.16591023363,1324.75394627333,58,12
"258","Andropogon gerardii","e1q5-1",58,3110.25242714928,1092.69513085575,59,5
"259","Andropogon gerardii","e1q5-1",59,1167.5177555806,1446.16071316373,60,0
"260","Andropogon gerardii","e1q5-1",60,2254.45780236451,1145.48768039698,61,1
"261","Andropogon gerardii","e1q5-1",61,4136.05001371378,1862.53652151573,62,12
"262","Andropogon gerardii","e1q5-1",62,2144.75933575757,1139.85174926148,63,1
"263","Andropogon gerardii","e1q5-1",63,2238.78990126542,1656.66813362235,64,1
"264","Andropogon gerardii","e1q5-1",64,2618.89645564077,1934.06980209585,65,3
"265","Andropogon gerardii","e1q5-1",65,6067.40383392264,1949.55465850107,66,3
"266","Andropogon gerardii","e1q5-1",66,2060.64071318997,1134.34778524578,67,1
"267","Andropogon gerardii","e1q5-1",67,1589.47431773814,1252.55253661635,68,0
"268","Andropogon gerardii","e1q5-1",68,3902.33893220932,1952.0880145244,69,3
"269","Andropogon gerardii","e1q5-1",70,1965.08245801569,2754.85662283815,71,0
"270","Andropogon gerardii","e1q5-1",71,4185.2646224896,2376.48311464656,72,0
"271","Andropogon gerardii","e1q5-1",72,6970.59412605656,2584.06887987645,73,0
"272","Andropogon gerardii","e1q5-2",32,1362.62732414207,2994.0994955276,33,0
"273","Andropogon gerardii","e1q5-2",34,3385.65600378477,1184.88615859297,35,0
"274","Andropogon gerardii","e1q5-2",35,1071.19500693978,636.134598884746,36,0
"275","Andropogon gerardii","e1q5-2",36,1555.92386268412,461.901936227077,37,7
"276","Andropogon gerardii","e1q5-2",38,626.735010939976,263.194919015649,39,0
"277","Andropogon gerardii","e1q5-2",39,790.653693329739,228.165740973823,40,8
"278","Andropogon gerardii","e1q5-2",40,16.4832383914141,48.7197582261651,41,1
"279","Andropogon gerardii","e1q5-2",42,28.350565480122,136.530550820607,43,3
"280","Andropogon gerardii","e1q5-2",43,208.960954701685,280.1300979719,44,3
"281","Andropogon gerardii","e1q5-2",44,228.432150586492,480.756769263411,45,2
"282","Andropogon gerardii","e1q5-2",45,471.129179751051,1057.97651954823,46,3
"283","Andropogon gerardii","e1q5-2",46,307.099936946256,1534.11227932557,47,1
"284","Andropogon gerardii","e1q5-2",47,657.371565458891,1006.63580055355,48,1
"285","Andropogon gerardii","e1q5-2",48,1632.71732663835,1086.08203405997,49,4
"286","Andropogon gerardii","e1q5-2",49,393.511867435255,523.258304622909,50,4
"287","Andropogon gerardii","e1q5-2",50,1202.95983097467,658.279814215652,51,1
"288","Andropogon gerardii","e1q5-2",51,1530.33969601016,661.814352446229,52,4
"289","Andropogon gerardii","e1q5-2",53,3429.58125271053,1029.98070405611,54,0
"290","Andropogon gerardii","e1q5-2",54,3363.99761753919,1155.83788734552,55,3
"291","Andropogon gerardii","e1q5-2",55,4730.75827684301,1385.90345949765,56,2
"292","Andropogon gerardii","e1q5-2",56,1717.43749990482,912.137682962638,57,0
"293","Andropogon gerardii","e1q5-2",57,3505.13541202244,1324.75394627333,58,2
"294","Andropogon gerardii","e1q5-2",58,2929.09535682934,1092.69513085575,59,0
"295","Andropogon gerardii","e1q5-2",59,2613.31496117812,1446.16071316373,60,1
"296","Andropogon gerardii","e1q5-2",60,2810.18460056627,1145.48768039698,61,1
"297","Andropogon gerardii","e1q5-2",61,6978.3785666535,1862.53652151573,62,3
"298","Andropogon gerardii","e1q5-2",62,4072.54221466907,1139.85174926148,63,0
"299","Andropogon gerardii","e1q5-2",63,2234.0450794908,1656.66813362235,64,0
"300","Andropogon gerardii","e1q5-2",64,8604.42978739657,1934.06980209585,65,0
"301","Andropogon gerardii","e1q5-2",65,6807.99948919367,1949.55465850107,66,0
"302","Andropogon gerardii","e1q5-2",66,1651.27169882809,1134.34778524578,67,1
"303","Andropogon gerardii","e1q5-2",67,3540.59815579814,1252.55253661635,68,0
"304","Andropogon gerardii","e1q5-2",68,4923.2685814103,1952.0880145244,69,0
"305","Andropogon gerardii","e1q5-2",69,6003.48609962636,3551.83944513544,70,0
"306","Andropogon gerardii","e1q5-2",70,7759.54975059944,2754.85662283815,71,0
"307","Andropogon gerardii","e1q5-2",71,5862.08256936441,2376.48311464656,72,0
"308","Andropogon gerardii","e1q5-2",72,6460.20070518358,2584.06887987645,73,0
"309","Andropogon gerardii","e1q5-3",32,358.204889419954,2994.0994955276,33,0
"310","Andropogon gerardii","e1q5-3",34,348.829865752572,1184.88615859297,35,0
"311","Andropogon gerardii","e1q5-3",35,1352.02047314574,636.134598884746,36,24
"312","Andropogon gerardii","e1q5-3",36,1698.81783260981,461.901936227077,37,6
"313","Andropogon gerardii","e1q5-3",37,1563.38563947753,345.109696013046,38,2
"314","Andropogon gerardii","e1q5-3",38,973.080011294915,263.194919015649,39,1
"315","Andropogon gerardii","e1q5-3",39,522.001353265825,228.165740973823,40,4
"316","Andropogon gerardii","e1q5-3",40,258.155679936439,48.7197582261651,41,1
"317","Andropogon gerardii","e1q5-3",41,7.34069501229734,140.969457684735,42,2
"318","Andropogon gerardii","e1q5-3",42,11.55061289845,136.530550820607,43,0
"319","Andropogon gerardii","e1q5-3",43,831.12807589341,280.1300979719,44,12
"320","Andropogon gerardii","e1q5-3",44,1453.02186301667,480.756769263411,45,7
"321","Andropogon gerardii","e1q5-3",45,5408.91900056718,1057.97651954823,46,2
"322","Andropogon gerardii","e1q5-3",46,6864.26544518447,1534.11227932557,47,1
"323","Andropogon gerardii","e1q5-3",47,2035.32737155638,1006.63580055355,48,0
"324","Andropogon gerardii","e1q5-3",48,3396.73872690698,1086.08203405997,49,3
"325","Andropogon gerardii","e1q5-3",49,826.020270590062,523.258304622909,50,3
"326","Andropogon gerardii","e1q5-3",50,1161.69283764908,658.279814215652,51,14
"327","Andropogon gerardii","e1q5-3",51,1711.27968419799,661.814352446229,52,5
"328","Andropogon gerardii","e1q5-3",52,7248.23017044182,1175.24990099248,53,1
"329","Andropogon gerardii","e1q5-3",53,3098.12230001295,1029.98070405611,54,0
"330","Andropogon gerardii","e1q5-3",54,1772.59552448803,1155.83788734552,55,0
"331","Andropogon gerardii","e1q5-3",55,3945.10849981106,1385.90345949765,56,5
"332","Andropogon gerardii","e1q5-3",56,2238.8410101319,912.137682962638,57,0
"333","Andropogon gerardii","e1q5-3",57,4444.29219991844,1324.75394627333,58,0
"334","Andropogon gerardii","e1q5-3",58,2402.07475632009,1092.69513085575,59,0
"335","Andropogon gerardii","e1q5-3",59,1909.4966954504,1446.16071316373,60,3
"336","Andropogon gerardii","e1q5-3",60,3867.73055615506,1145.48768039698,61,0
"337","Andropogon gerardii","e1q5-3",61,3740.97196670015,1862.53652151573,62,1
"338","Andropogon gerardii","e1q5-3",62,845.683452248822,1139.85174926148,63,1
"339","Andropogon gerardii","e1q5-3",63,1867.77230181616,1656.66813362235,64,2
"340","Andropogon gerardii","e1q5-3",64,2776.15096503727,1934.06980209585,65,0
"341","Andropogon gerardii","e1q5-3",65,4972.08009469357,1949.55465850107,66,1
"342","Andropogon gerardii","e1q5-3",66,5441.49689899438,1134.34778524578,67,0
"343","Andropogon gerardii","e1q5-3",67,2463.38085913572,1252.55253661635,68,0
"344","Andropogon gerardii","e1q5-3",68,2807.70242277703,1952.0880145244,69,10
"345","Andropogon gerardii","e1q5-3",70,3815.21797723837,2754.85662283815,71,0
"346","Andropogon gerardii","e1q5-3",71,6936.39726764286,2376.48311464656,72,0
"347","Andropogon gerardii","e1q5-3",72,3024.52453274531,2584.06887987645,73,1
"348","Andropogon gerardii","e1q5-4",32,9746.60368114644,2994.0994955276,33,0
"349","Andropogon gerardii","e1q5-4",34,6175.24036566667,1184.88615859297,35,0
"350","Andropogon gerardii","e1q5-4",35,2957.0364219781,636.134598884746,36,0
"351","Andropogon gerardii","e1q5-4",37,889.86487884855,345.109696013046,38,0
"352","Andropogon gerardii","e1q5-4",38,494.385480980671,263.194919015649,39,3
"353","Andropogon gerardii","e1q5-4",39,320.19377020711,228.165740973823,40,20
"354","Andropogon gerardii","e1q5-4",40,38.9085663708615,48.7197582261651,41,2
"355","Andropogon gerardii","e1q5-4",42,10.7912925330509,136.530550820607,43,2
"356","Andropogon gerardii","e1q5-4",43,87.4885491289106,280.1300979719,44,9
"357","Andropogon gerardii","e1q5-4",44,454.865853443313,480.756769263411,45,6
"358","Andropogon gerardii","e1q5-4",45,421.207448665224,1057.97651954823,46,1
"359","Andropogon gerardii","e1q5-4",46,920.461200753254,1534.11227932557,47,10
"360","Andropogon gerardii","e1q5-4",47,1349.94172416702,1006.63580055355,48,3
"361","Andropogon gerardii","e1q5-4",48,1598.34044987705,1086.08203405997,49,3
"362","Andropogon gerardii","e1q5-4",49,1456.19152140562,523.258304622909,50,11
"363","Andropogon gerardii","e1q5-4",50,1705.05530898599,658.279814215652,51,3
"364","Andropogon gerardii","e1q5-4",51,1833.97459349258,661.814352446229,52,7
"365","Andropogon gerardii","e1q5-4",52,2407.39388712865,1175.24990099248,53,0
"366","Andropogon gerardii","e1q5-4",53,2807.456987585,1029.98070405611,54,4
"367","Andropogon gerardii","e1q5-4",54,2610.84677751561,1155.83788734552,55,0
"368","Andropogon gerardii","e1q5-4",55,3503.82435520831,1385.90345949765,56,3
"369","Andropogon gerardii","e1q5-4",56,2447.12264841619,912.137682962638,57,0
"370","Andropogon gerardii","e1q5-4",57,3533.55255284069,1324.75394627333,58,0
"371","Andropogon gerardii","e1q5-4",58,3407.70104519036,1092.69513085575,59,1
"372","Andropogon gerardii","e1q5-4",59,4433.70032035663,1446.16071316373,60,2
"373","Andropogon gerardii","e1q5-4",60,2633.76387403386,1145.48768039698,61,0
"374","Andropogon gerardii","e1q5-4",61,4548.69920420651,1862.53652151573,62,0
"375","Andropogon gerardii","e1q5-4",62,1442.99509793044,1139.85174926148,63,5
"376","Andropogon gerardii","e1q5-4",63,759.943516231386,1656.66813362235,64,7
"377","Andropogon gerardii","e1q5-4",64,2137.36792108057,1934.06980209585,65,0
"378","Andropogon gerardii","e1q5-4",65,4456.27105785451,1949.55465850107,66,1
"379","Andropogon gerardii","e1q5-4",66,3667.59996119219,1134.34778524578,67,1
"380","Andropogon gerardii","e1q5-4",67,1623.90526389528,1252.55253661635,68,0
"381","Andropogon gerardii","e1q5-4",68,6855.7206088662,1952.0880145244,69,0
"382","Andropogon gerardii","e1q5-4",70,3958.43266439383,2754.85662283815,71,0
"383","Andropogon gerardii","e1q5-4",71,5344.07321631748,2376.48311464656,72,0
"384","Andropogon gerardii","e1q5-4",72,4126.45948903626,2584.06887987645,73,9
"385","Andropogon gerardii","e2q2-1",35,112.077098323168,636.134598884746,36,7
"386","Andropogon gerardii","e2q2-1",36,19.4102557095842,461.901936227077,37,2
"387","Andropogon gerardii","e2q2-1",37,132.390883482508,345.109696013046,38,3
"388","Andropogon gerardii","e2q2-1",41,3.98061801126138,140.969457684735,42,1
"389","Andropogon gerardii","e2q2-1",43,78.2743984397416,280.1300979719,44,3
"390","Andropogon gerardii","e2q2-1",44,84.1895444456095,480.756769263411,45,0
"391","Andropogon gerardii","e2q2-1",45,181.68057699395,1057.97651954823,46,1
"392","Andropogon gerardii","e2q2-1",46,152.967395587593,1534.11227932557,47,0
"393","Andropogon gerardii","e2q2-1",47,209.906565376156,1006.63580055355,48,0
"394","Andropogon gerardii","e2q2-1",48,530.173268838749,1086.08203405997,49,0
"395","Andropogon gerardii","e2q2-1",49,299.390723262472,523.258304622909,50,1
"396","Andropogon gerardii","e2q2-1",50,467.225804376687,658.279814215652,51,4
"397","Andropogon gerardii","e2q2-1",51,473.335042412321,661.814352446229,52,3
"398","Andropogon gerardii","e2q2-1",52,381.351986744859,1175.24990099248,53,2
"399","Andropogon gerardii","e2q2-1",53,890.681845902285,1029.98070405611,54,2
"400","Andropogon gerardii","e2q2-1",54,1009.76028376586,1155.83788734552,55,1
"401","Andropogon gerardii","e2q2-1",55,810.284563906706,1385.90345949765,56,6
"402","Andropogon gerardii","e2q2-1",56,496.326981883573,912.137682962638,57,0
"403","Andropogon gerardii","e2q2-1",57,595.30408556192,1324.75394627333,58,0
"404","Andropogon gerardii","e2q2-1",58,115.435512233279,1092.69513085575,59,0
"405","Andropogon gerardii","e2q2-1",59,558.33559830231,1446.16071316373,60,2
"406","Andropogon gerardii","e2q2-1",60,857.621340274205,1145.48768039698,61,0
"407","Andropogon gerardii","e2q2-1",61,974.020870161274,1862.53652151573,62,4
"408","Andropogon gerardii","e2q2-1",63,1488.86679706662,1656.66813362235,64,0
"409","Andropogon gerardii","e2q2-1",64,1533.02745733805,1934.06980209585,65,3
"410","Andropogon gerardii","e2q2-1",65,890.937413219414,1949.55465850107,66,2
"411","Andropogon gerardii","e2q2-1",66,462.897660706871,1134.34778524578,67,2
"412","Andropogon gerardii","e2q2-1",67,1294.19348823373,1252.55253661635,68,1
"413","Andropogon gerardii","e2q2-1",68,1128.55618933197,1952.0880145244,69,12
"414","Andropogon gerardii","e2q2-1",69,3779.52513216653,3551.83944513544,70,1
"415","Andropogon gerardii","e2q2-1",71,93.330886850039,2376.48311464656,72,0
"416","Andropogon gerardii","e2q2-1",72,2895.20204387951,2584.06887987645,73,9
"417","Andropogon gerardii","e2q2-2",33,370.264332723849,1309.27908893778,34,0
"418","Andropogon gerardii","e2q2-2",35,499.497465525263,636.134598884746,36,0
"419","Andropogon gerardii","e2q2-2",36,325.579284476619,461.901936227077,37,22
"420","Andropogon gerardii","e2q2-2",37,219.059256051812,345.109696013046,38,1
"421","Andropogon gerardii","e2q2-2",38,150.141072687412,263.194919015649,39,3
"422","Andropogon gerardii","e2q2-2",39,40.6864230052063,228.165740973823,40,2
"423","Andropogon gerardii","e2q2-2",40,49.7299096771999,48.7197582261651,41,9
"424","Andropogon gerardii","e2q2-2",41,387.568743594135,140.969457684735,42,4
"425","Andropogon gerardii","e2q2-2",42,412.283126094258,136.530550820607,43,1
"426","Andropogon gerardii","e2q2-2",43,463.679046280819,280.1300979719,44,7
"427","Andropogon gerardii","e2q2-2",44,598.76720904672,480.756769263411,45,8
"428","Andropogon gerardii","e2q2-2",45,2116.92502274654,1057.97651954823,46,4
"429","Andropogon gerardii","e2q2-2",46,1406.09149931372,1534.11227932557,47,2
"430","Andropogon gerardii","e2q2-2",47,1833.22006073773,1006.63580055355,48,1
"431","Andropogon gerardii","e2q2-2",48,1585.86476280756,1086.08203405997,49,1
"432","Andropogon gerardii","e2q2-2",49,689.120648929784,523.258304622909,50,22
"433","Andropogon gerardii","e2q2-2",50,958.205700967683,658.279814215652,51,17
"434","Andropogon gerardii","e2q2-2",51,629.684657009509,661.814352446229,52,3
"435","Andropogon gerardii","e2q2-2",52,1041.64674056919,1175.24990099248,53,3
"436","Andropogon gerardii","e2q2-2",53,674.252386108345,1029.98070405611,54,0
"437","Andropogon gerardii","e2q2-2",54,831.660113247948,1155.83788734552,55,7
"438","Andropogon gerardii","e2q2-2",55,628.585241052197,1385.90345949765,56,3
"439","Andropogon gerardii","e2q2-2",56,269.350553539898,912.137682962638,57,1
"440","Andropogon gerardii","e2q2-2",57,650.054560329169,1324.75394627333,58,1
"441","Andropogon gerardii","e2q2-2",58,635.907319165529,1092.69513085575,59,5
"442","Andropogon gerardii","e2q2-2",59,560.572419209259,1446.16071316373,60,13
"443","Andropogon gerardii","e2q2-2",60,556.174743337172,1145.48768039698,61,3
"444","Andropogon gerardii","e2q2-2",61,925.949028851081,1862.53652151573,62,1
"445","Andropogon gerardii","e2q2-2",62,116.698475846699,1139.85174926148,63,8
"446","Andropogon gerardii","e2q2-2",63,743.308001356532,1656.66813362235,64,1
"447","Andropogon gerardii","e2q2-2",64,323.765941121788,1934.06980209585,65,0
"448","Andropogon gerardii","e2q2-2",65,116.59755201489,1949.55465850107,66,6
"449","Andropogon gerardii","e2q2-2",66,81.4712892053875,1134.34778524578,67,6
"450","Andropogon gerardii","e2q2-2",69,949.798140998418,3551.83944513544,70,3
"451","Andropogon gerardii","e2q2-2",70,1395.85172855948,2754.85662283815,71,2
"452","Andropogon gerardii","e2q2-2",71,69.0896440691729,2376.48311464656,72,1
"453","Andropogon gerardii","e2q2-2",72,1900.83271327853,2584.06887987645,73,1
"454","Andropogon gerardii","e2q2-3",35,72.5310313128198,636.134598884746,36,3
"455","Andropogon gerardii","e2q2-3",36,35.9481646440329,461.901936227077,37,1
"456","Andropogon gerardii","e2q2-3",37,14.147625180544,345.109696013046,38,0
"457","Andropogon gerardii","e2q2-3",38,24.7139319252013,263.194919015649,39,1
"458","Andropogon gerardii","e2q2-3",39,10.1449995600001,228.165740973823,40,0
"459","Andropogon gerardii","e2q2-3",48,38.9374987834915,1086.08203405997,49,0
"460","Andropogon gerardii","e2q2-3",49,8.95512581693699,523.258304622909,50,1
"461","Andropogon gerardii","e2q2-3",50,6.51763889400401,658.279814215652,51,2
"462","Andropogon gerardii","e2q2-3",51,43.8104009700081,661.814352446229,52,8
"463","Andropogon gerardii","e2q2-3",52,613.347002528712,1175.24990099248,53,25
"464","Andropogon gerardii","e2q2-3",53,151.287141209184,1029.98070405611,54,0
"465","Andropogon gerardii","e2q2-3",54,141.871675126646,1155.83788734552,55,0
"466","Andropogon gerardii","e2q2-3",55,208.821956401725,1385.90345949765,56,0
"467","Andropogon gerardii","e2q2-3",56,86.1281042809415,912.137682962638,57,0
"468","Andropogon gerardii","e2q2-3",57,66.105634597263,1324.75394627333,58,1
"469","Andropogon gerardii","e2q2-3",58,507.203217681827,1092.69513085575,59,0
"470","Andropogon gerardii","e2q2-3",59,1423.12509047534,1446.16071316373,60,2
"471","Andropogon gerardii","e2q2-3",60,482.212145270674,1145.48768039698,61,1
"472","Andropogon gerardii","e2q2-3",61,1235.7030203018,1862.53652151573,62,4
"473","Andropogon gerardii","e2q2-3",62,1373.33879729124,1139.85174926148,63,10
"474","Andropogon gerardii","e2q2-3",63,2492.68817162581,1656.66813362235,64,0
"475","Andropogon gerardii","e2q2-3",64,1367.28005607247,1934.06980209585,65,1
"476","Andropogon gerardii","e2q2-3",65,2022.75579778533,1949.55465850107,66,2
"477","Andropogon gerardii","e2q2-3",66,1298.46682943927,1134.34778524578,67,1
"478","Andropogon gerardii","e2q2-3",67,2504.75969479218,1252.55253661635,68,1
"479","Andropogon gerardii","e2q2-3",68,2280.44498668002,1952.0880145244,69,1
"480","Andropogon gerardii","e2q2-3",69,7404.00426462123,3551.83944513544,70,0
"481","Andropogon gerardii","e2q2-3",70,3689.90786081436,2754.85662283815,71,0
"482","Andropogon gerardii","e2q2-3",71,545.114730192933,2376.48311464656,72,2
"483","Andropogon gerardii","e2q2-3",72,7240.17461933104,2584.06887987645,73,0
"484","Andropogon gerardii","e2q2-4",33,791.288296107536,1309.27908893778,34,0
"485","Andropogon gerardii","e2q2-4",34,152.314233066377,1184.88615859297,35,2
"486","Andropogon gerardii","e2q2-4",35,699.064228183149,636.134598884746,36,34
"487","Andropogon gerardii","e2q2-4",36,342.067386250176,461.901936227077,37,4
"488","Andropogon gerardii","e2q2-4",37,236.757236160853,345.109696013046,38,0
"489","Andropogon gerardii","e2q2-4",38,157.599952918492,263.194919015649,39,0
"490","Andropogon gerardii","e2q2-4",39,131.063730984392,228.165740973823,40,3
"491","Andropogon gerardii","e2q2-4",40,50.4563843004225,48.7197582261651,41,2
"492","Andropogon gerardii","e2q2-4",41,304.11999581195,140.969457684735,42,5
"493","Andropogon gerardii","e2q2-4",42,264.089680904924,136.530550820607,43,0
"494","Andropogon gerardii","e2q2-4",43,611.299826914108,280.1300979719,44,4
"495","Andropogon gerardii","e2q2-4",44,731.844822463219,480.756769263411,45,4
"496","Andropogon gerardii","e2q2-4",45,691.108559646016,1057.97651954823,46,1
"497","Andropogon gerardii","e2q2-4",46,1745.64919748936,1534.11227932557,47,1
"498","Andropogon gerardii","e2q2-4",47,1148.54335956392,1006.63580055355,48,1
"499","Andropogon gerardii","e2q2-4",48,1201.64348726508,1086.08203405997,49,3
"500","Andropogon gerardii","e2q2-4",49,632.428405832049,523.258304622909,50,3
"501","Andropogon gerardii","e2q2-4",50,1809.61869968813,658.279814215652,51,4
"502","Andropogon gerardii","e2q2-4",51,1123.75059584749,661.814352446229,52,11
"503","Andropogon gerardii","e2q2-4",52,1279.50317287071,1175.24990099248,53,4
"504","Andropogon gerardii","e2q2-4",53,1846.29379540135,1029.98070405611,54,5
"505","Andropogon gerardii","e2q2-4",54,2777.97237011347,1155.83788734552,55,0
"506","Andropogon gerardii","e2q2-4",55,1900.92021353683,1385.90345949765,56,2
"507","Andropogon gerardii","e2q2-4",56,1094.92161924483,912.137682962638,57,2
"508","Andropogon gerardii","e2q2-4",57,3188.40982715718,1324.75394627333,58,13
"509","Andropogon gerardii","e2q2-4",58,570.261203609471,1092.69513085575,59,1
"510","Andropogon gerardii","e2q2-4",59,2389.33609246192,1446.16071316373,60,7
"511","Andropogon gerardii","e2q2-4",60,2299.34571276521,1145.48768039698,61,0
"512","Andropogon gerardii","e2q2-4",61,3688.08257648421,1862.53652151573,62,3
"513","Andropogon gerardii","e2q2-4",62,1998.12246236375,1139.85174926148,63,5
"514","Andropogon gerardii","e2q2-4",63,6869.96293661706,1656.66813362235,64,0
"515","Andropogon gerardii","e2q2-4",64,1625.08454230219,1934.06980209585,65,0
"516","Andropogon gerardii","e2q2-4",65,3699.7050833038,1949.55465850107,66,6
"517","Andropogon gerardii","e2q2-4",66,1366.30286336738,1134.34778524578,67,0
"518","Andropogon gerardii","e2q2-4",67,1967.5973432793,1252.55253661635,68,2
"519","Andropogon gerardii","e2q2-4",68,2919.53056004586,1952.0880145244,69,3
"520","Andropogon gerardii","e2q2-4",69,5488.18734911143,3551.83944513544,70,0
"521","Andropogon gerardii","e2q2-4",70,7526.62637862413,2754.85662283815,71,0
"522","Andropogon gerardii","e2q2-4",71,1285.96890956879,2376.48311464656,72,1
"523","Andropogon gerardii","e2q2-4",72,7418.6844879246,2584.06887987645,73,0
"524","Andropogon gerardii","e2q3-1",36,40.1888364938875,461.901936227077,37,4
"525","Andropogon gerardii","e2q3-1",49,14.250401576059,523.258304622909,50,1
"526","Andropogon gerardii","e2q3-1",50,7.34489731698228,658.279814215652,51,1
"527","Andropogon gerardii","e2q3-1",51,44.2498346899627,661.814352446229,52,4
"528","Andropogon gerardii","e2q3-1",52,712.256101893534,1175.24990099248,53,12
"529","Andropogon gerardii","e2q3-1",53,276.752540594255,1029.98070405611,54,1
"530","Andropogon gerardii","e2q3-1",54,318.029693065482,1155.83788734552,55,0
"531","Andropogon gerardii","e2q3-1",55,524.471622273589,1385.90345949765,56,2
"532","Andropogon gerardii","e2q3-1",56,330.231443976056,912.137682962638,57,0
"533","Andropogon gerardii","e2q3-1",57,456.237349596421,1324.75394627333,58,4
"534","Andropogon gerardii","e2q3-1",58,582.818541365444,1092.69513085575,59,0
"535","Andropogon gerardii","e2q3-1",59,1156.94010413616,1446.16071316373,60,8
"536","Andropogon gerardii","e2q3-1",60,501.846525951643,1145.48768039698,61,0
"537","Andropogon gerardii","e2q3-1",61,1705.57712880901,1862.53652151573,62,5
"538","Andropogon gerardii","e2q3-1",62,2272.2043881803,1139.85174926148,63,16
"539","Andropogon gerardii","e2q3-1",63,2115.865000287,1656.66813362235,64,0
"540","Andropogon gerardii","e2q3-1",64,2745.16292364632,1934.06980209585,65,5
"541","Andropogon gerardii","e2q3-1",65,2571.69540335562,1949.55465850107,66,1
"542","Andropogon gerardii","e2q3-1",66,1578.5905906164,1134.34778524578,67,9
"543","Andropogon gerardii","e2q3-1",67,3460.77723459688,1252.55253661635,68,0
"544","Andropogon gerardii","e2q3-1",68,2144.1509235718,1952.0880145244,69,3
"545","Andropogon gerardii","e2q3-1",69,8733.14467686723,3551.83944513544,70,0
"546","Andropogon gerardii","e2q3-1",70,9056.50933564773,2754.85662283815,71,0
"547","Andropogon gerardii","e2q3-1",71,5585.47770810534,2376.48311464656,72,0
"548","Andropogon gerardii","e2q3-1",72,6517.48339612469,2584.06887987645,73,0
"549","Andropogon gerardii","e2q3-2",35,41.8239993087205,636.134598884746,36,3
"550","Andropogon gerardii","e2q3-2",36,34.6087715783717,461.901936227077,37,1
"551","Andropogon gerardii","e2q3-2",37,20.2822152517372,345.109696013046,38,0
"552","Andropogon gerardii","e2q3-2",38,91.270348030914,263.194919015649,39,1
"553","Andropogon gerardii","e2q3-2",39,18.1388271819626,228.165740973823,40,0
"554","Andropogon gerardii","e2q3-2",40,9.57961166915497,48.7197582261651,41,0
"555","Andropogon gerardii","e2q3-2",41,1.837235994032,140.969457684735,42,0
"556","Andropogon gerardii","e2q3-2",42,31.7576024897808,136.530550820607,43,1
"557","Andropogon gerardii","e2q3-2",43,102.240363719231,280.1300979719,44,1
"558","Andropogon gerardii","e2q3-2",46,546.174038917434,1534.11227932557,47,2
"559","Andropogon gerardii","e2q3-2",47,1136.54159969867,1006.63580055355,48,1
"560","Andropogon gerardii","e2q3-2",48,844.289896313037,1086.08203405997,49,0
"561","Andropogon gerardii","e2q3-2",49,1614.09298165662,523.258304622909,50,3
"562","Andropogon gerardii","e2q3-2",50,2655.72852707269,658.279814215652,51,1
"563","Andropogon gerardii","e2q3-2",51,3728.05312085246,661.814352446229,52,1
"564","Andropogon gerardii","e2q3-2",52,3351.21194133566,1175.24990099248,53,2
"565","Andropogon gerardii","e2q3-2",53,1596.58638832649,1029.98070405611,54,2
"566","Andropogon gerardii","e2q3-2",54,2273.57099452074,1155.83788734552,55,1
"567","Andropogon gerardii","e2q3-2",55,2228.97168313121,1385.90345949765,56,1
"568","Andropogon gerardii","e2q3-2",56,2277.66720440244,912.137682962638,57,2
"569","Andropogon gerardii","e2q3-2",57,1518.22540473193,1324.75394627333,58,1
"570","Andropogon gerardii","e2q3-2",58,2827.13391253849,1092.69513085575,59,3
"571","Andropogon gerardii","e2q3-2",59,4018.79758781321,1446.16071316373,60,0
"572","Andropogon gerardii","e2q3-2",60,1801.3345904977,1145.48768039698,61,3
"573","Andropogon gerardii","e2q3-2",61,2880.350810251,1862.53652151573,62,2
"574","Andropogon gerardii","e2q3-2",62,2892.20663059993,1139.85174926148,63,1
"575","Andropogon gerardii","e2q3-2",63,5022.93451424433,1656.66813362235,64,0
"576","Andropogon gerardii","e2q3-2",64,1978.70065280407,1934.06980209585,65,0
"577","Andropogon gerardii","e2q3-2",65,3951.6357109066,1949.55465850107,66,0
"578","Andropogon gerardii","e2q3-2",66,1284.63487001304,1134.34778524578,67,4
"579","Andropogon gerardii","e2q3-2",67,1614.7048855087,1252.55253661635,68,5
"580","Andropogon gerardii","e2q3-2",68,1511.70297003094,1952.0880145244,69,3
"581","Andropogon gerardii","e2q3-2",69,9199.47360083088,3551.83944513544,70,0
"582","Andropogon gerardii","e2q3-2",70,7837.4776390776,2754.85662283815,71,0
"583","Andropogon gerardii","e2q3-2",71,6173.82335859945,2376.48311464656,72,0
"584","Andropogon gerardii","e2q3a-1",36,332.931769101812,461.901936227077,37,8
"585","Andropogon gerardii","e2q3a-1",37,125.208465559167,345.109696013046,38,2
"586","Andropogon gerardii","e2q3a-1",38,7.40053407254544,263.194919015649,39,1
"587","Andropogon gerardii","e2q3a-1",50,5.65916444822297,658.279814215652,51,1
"588","Andropogon gerardii","e2q3a-1",51,51.7426516529498,661.814352446229,52,1
"589","Andropogon gerardii","e2q3a-1",52,351.723979548527,1175.24990099248,53,1
"590","Andropogon gerardii","e2q3a-1",53,551.803970061334,1029.98070405611,54,0
"591","Andropogon gerardii","e2q3a-1",54,846.242142434712,1155.83788734552,55,0
"592","Andropogon gerardii","e2q3a-1",55,652.939381216653,1385.90345949765,56,1
"593","Andropogon gerardii","e2q3a-1",56,1208.15503867786,912.137682962638,57,0
"594","Andropogon gerardii","e2q3a-1",57,865.02950424471,1324.75394627333,58,0
"595","Andropogon gerardii","e2q3a-1",58,865.545817961633,1092.69513085575,59,0
"596","Andropogon gerardii","e2q3a-1",59,1809.68771325991,1446.16071316373,60,6
"597","Andropogon gerardii","e2q3a-1",60,2375.25024311222,1145.48768039698,61,1
"598","Andropogon gerardii","e2q3a-1",61,5203.25547818224,1862.53652151573,62,0
"599","Andropogon gerardii","e2q3a-1",62,341.27916243039,1139.85174926148,63,5
"600","Andropogon gerardii","e2q3a-1",63,4945.88133385903,1656.66813362235,64,0
"601","Andropogon gerardii","e2q3a-1",64,3348.33001711463,1934.06980209585,65,0
"602","Andropogon gerardii","e2q3a-1",65,3584.72719996603,1949.55465850107,66,2
"603","Andropogon gerardii","e2q3a-1",66,2320.72302132346,1134.34778524578,67,4
"604","Andropogon gerardii","e2q3a-1",67,2569.6532623827,1252.55253661635,68,0
"605","Andropogon gerardii","e2q3a-1",68,2863.88029673276,1952.0880145244,69,4
"606","Andropogon gerardii","e2q3a-1",69,8065.72752477828,3551.83944513544,70,0
"607","Andropogon gerardii","e2q3a-1",70,6491.31173667172,2754.85662283815,71,0
"608","Andropogon gerardii","e2q3a-1",71,6825.98755914577,2376.48311464656,72,0
"609","Andropogon gerardii","e2q3a-1",72,5347.75417779123,2584.06887987645,73,0
"610","Andropogon gerardii","e2q3a-2",36,474.236049495468,461.901936227077,37,1
"611","Andropogon gerardii","e2q3a-2",50,3.7332696662255,658.279814215652,51,1
"612","Andropogon gerardii","e2q3a-2",51,75.6023580345827,661.814352446229,52,2
"613","Andropogon gerardii","e2q3a-2",53,57.1988594980184,1029.98070405611,54,0
"614","Andropogon gerardii","e2q3a-2",54,132.49543059299,1155.83788734552,55,0
"615","Andropogon gerardii","e2q3a-2",55,142.665012167109,1385.90345949765,56,0
"616","Andropogon gerardii","e2q3a-2",56,15.3714036066645,912.137682962638,57,0
"617","Andropogon gerardii","e2q3a-2",57,1.561557596494,1324.75394627333,58,0
"618","Andropogon gerardii","e2q3a-2",58,19.322008320308,1092.69513085575,59,0
"619","Andropogon gerardii","e2q3a-2",59,11.3450501640355,1446.16071316373,60,0
"620","Andropogon gerardii","e2q3a-2",60,7.57886021782601,1145.48768039698,61,0
"621","Andropogon gerardii","e2q3a-2",61,40.7140613195791,1862.53652151573,62,1
"622","Andropogon gerardii","e2q3a-2",62,4.32354536729701,1139.85174926148,63,3
"623","Andropogon gerardii","e2q3a-2",63,106.753801983494,1656.66813362235,64,3
"624","Andropogon gerardii","e2q3a-2",64,1735.26082557458,1934.06980209585,65,2
"625","Andropogon gerardii","e2q3a-2",65,277.971161698105,1949.55465850107,66,0
"626","Andropogon gerardii","e2q3a-2",66,161.552622439302,1134.34778524578,67,0
"627","Andropogon gerardii","e2q3a-2",67,292.085615691269,1252.55253661635,68,4
"628","Andropogon gerardii","e2q3a-2",68,566.100329215987,1952.0880145244,69,1
"629","Andropogon gerardii","e2q3a-2",69,1583.48380868681,3551.83944513544,70,0
"630","Andropogon gerardii","e2q3a-2",70,1415.03251387524,2754.85662283815,71,1
"631","Andropogon gerardii","e2q3a-2",71,2473.99518440809,2376.48311464656,72,0
"632","Andropogon gerardii","e2q3a-2",72,1587.86059490098,2584.06887987645,73,4
"633","Andropogon gerardii","e2qo-1",35,517.968778850888,636.134598884746,36,0
"634","Andropogon gerardii","e2qo-1",36,182.719461502246,461.901936227077,37,4
"635","Andropogon gerardii","e2qo-1",37,274.081845374516,345.109696013046,38,5
"636","Andropogon gerardii","e2qo-1",38,336.083892669714,263.194919015649,39,2
"637","Andropogon gerardii","e2qo-1",39,166.772810779023,228.165740973823,40,1
"638","Andropogon gerardii","e2qo-1",40,9.1179202001059,48.7197582261651,41,0
"639","Andropogon gerardii","e2qo-1",42,42.0741048877479,136.530550820607,43,1
"640","Andropogon gerardii","e2qo-1",43,4.17620238616135,280.1300979719,44,0
"641","Andropogon gerardii","e2qo-1",45,48.8986819566071,1057.97651954823,46,0
